<?xml version="1.0" encoding="UTF-8"?>
<beans xmlns="http://www.springframework.org/schema/beans"
	xmlns:xsi="http://www.w3.org/2001/XMLSchema-instance" 
	xmlns:jee="http://www.springframework.org/schema/jee"
	xmlns:tx="http://www.springframework.org/schema/tx" 
	xmlns:context="http://www.springframework.org/schema/context"
	xmlns:aop="http://www.springframework.org/schema/aop"
	xsi:schemaLocation="http://www.springframework.org/schema/beans 
	http://www.springframework.org/schema/beans/spring-beans-3.0.xsd 
	http://www.springframework.org/schema/tx 
	http://www.springframework.org/schema/tx/spring-tx-3.0.xsd 
	http://www.springframework.org/schema/jee 
	http://www.springframework.org/schema/jee/spring-jee-3.0.xsd 
	http://www.springframework.org/schema/aop 
	http://www.springframework.org/schema/aop/spring-aop-3.0.xsd 
	http://www.springframework.org/schema/context 
	http://www.springframework.org/schema/context/spring-context-3.0.xsd"
	default-lazy-init="true">

	<description>Spring公共配置</description>

	<!-- 使用annotation 自动注册bean,并检查@Required,@Autowired的属性已被注入 -->
	<context:component-scan base-package="com.sise" />

	<!-- 数据源配置 -->
	<bean id="dataSource" class="org.apache.commons.dbcp.BasicDataSource">
		<property name="driverClassName" value="com.mysql.jdbc.Driver" />
		<property name="url" value="jdbc:mysql://localhost:3306/sise" />
		<property name="username" value="root" />
		<property name="password" value="123456" />
	</bean>

	<!-- Hibernate配置 -->
	<bean id="sessionFactory"
		class="org.springframework.orm.hibernate3.annotation.AnnotationSessionFactoryBean">
		<property name="dataSource" ref="dataSource" />
		<property name="namingStrategy">
			<bean class="org.hibernate.cfg.ImprovedNamingStrategy" />
		</property>
		<property name="hibernateProperties">
			<props>
				<prop key="hibernate.show_sql">true</prop>
				<prop key="hibernate.format_sql">false</prop>
				<prop key="hibernate.ehcache_config_file">ehcache.xml</prop>
			</props>
		</property>
		<!--* 号代表包，不代表文件-->
		<property name="packagesToScan" >
			<list>
        		<value>com.sise.java.*</value>
    		</list>
		</property>
	</bean>

	<!-- 事务管理器配置,单数据源事务 -->
	<bean id="transactionManager"
		class="org.springframework.orm.hibernate3.HibernateTransactionManager">
		<property name="sessionFactory" ref="sessionFactory" />
	</bean>

	<tx:advice id="txAdvice" transaction-manager="transactionManager">
		<tx:attributes>
			<tx:method name="*" read-only="true" />
			<tx:method name="do*" isolation="READ_COMMITTED" propagation="REQUIRED"  rollback-for="java.lang.Exception" />
		</tx:attributes>
	</tx:advice>
	
	<aop:config>
		<aop:advisor advice-ref="txAdvice" pointcut="execution(* com.sise..*Service.*(..))" />
	</aop:config>
	
	<!-- 使用annotation定义AOP -->
	<aop:aspectj-autoproxy proxy-target-class="true" />
</beans>