<?xml version="1.0" encoding="UTF-8"?>
<!DOCTYPE struts PUBLIC "-//Apache Software Foundation//DTD Struts Configuration 2.1//EN"
        "http://struts.apache.org/dtds/struts-2.1.dtd">
<struts>

	<constant name="struts.objectFactory" value="spring" />
	<constant name="struts.action.extension" value="do" />
	<constant name="struts.multipart.maxSize" value="100000000" /><!-- 设置默认上传文件最大值约100M -->
	<!-- 设置各个ACTION默认继承哪个package -->
	<constant name="struts.convention.default.parent.package" value="base" />
	<!--对指定包下面自动搜寻ACTION,并实例化  -->
	<constant name="struts.convention.action.packages" value="action" />
	<!-- 修改ACTION配制时，自动加载 -->
	<!--  -->
	<constant name="struts.convention.action.name.separator" value="-" />
	<package name="base" extends="convention-default">
		<interceptors>
			<interceptor name="actionInterceptor" class="com.sise.framework.core.ActionMethodInterceptor"></interceptor>
			<interceptor-stack name="mystack">
				<interceptor-ref name="actionInterceptor"></interceptor-ref>
				<interceptor-ref name="defaultStack"></interceptor-ref>
			</interceptor-stack>
		</interceptors>
		
		<default-interceptor-ref name="mystack"></default-interceptor-ref>
		
		<global-results>
			<result name="error">/jsp/error.jsp</result>
			<result name="login" type="redirect">/login.jsp</result>
			<result name="redirect" type="redirect">${returnPath}</result>
			<result name="dispatcher" type="dispatcher">${returnPath}</result>
			<result name="actionChain" type="chain">
				<param name="actionName">${actionName}</param>
				<param name="method">${actionMethod}</param>
				<param name="init">${actionParam}</param>
			</result>
		</global-results>
	</package>
</struts>
